#{"t_start": 1777360007.9300895, "env_id": "Pendulum-v1"}
r,l,t
-1114.094266,200,1.821162
-1587.561851,200,5.671663
-1483.303964,200,9.559718
-1167.432248,200,13.596162
-1154.504869,200,17.523975
-1520.468762,200,21.761333
-1343.944908,200,25.85819
-1494.844545,200,29.718457
-1277.716344,200,33.678024
-1195.219983,200,37.6196
-824.828051,200,41.654112
-930.984011,200,45.60348
-407.019656,200,49.525584
-398.830068,200,53.589954
-528.643623,200,57.511053
-677.429018,200,61.781627
-291.569767,200,65.711272
-130.159338,200,69.786016
-133.993596,200,73.683817
-466.458092,200,77.5853
-142.772837,200,81.780018
-132.597858,200,85.803672
-132.960171,200,89.735727
-141.259221,200,93.592908
-5.522427,200,97.580312
-132.14901,200,101.516171
-290.110137,200,105.457016
-0.540057,200,109.366419
-381.880257,200,113.282166
-129.856057,200,117.144435
-264.4873,200,121.064017
-135.901073,200,124.887669
-128.33929,200,128.869325
-2.924968,200,132.778466
-132.667829,200,136.596391
-136.166673,200,140.432131
-343.431932,200,144.865177
-133.911953,200,148.801338
-127.543348,200,152.676939
-266.026903,200,156.552019
-277.694272,200,160.648513
-124.355771,200,164.549646
-364.821338,200,168.518156
-0.742161,200,172.487403
-392.197033,200,176.476581
-129.75854,200,180.489784
-1.629988,200,184.405615
-130.079373,200,188.279004
-132.286363,200,192.401742
-133.762687,200,196.30193
-269.427513,200,200.167687
-249.174149,200,204.095584
-132.986679,200,208.2102
-0.569944,200,212.177533
-123.776911,200,216.04178
-131.80063,200,219.993774
-133.159298,200,223.95755
-132.554143,200,227.798657
-132.129312,200,231.732238
-133.443658,200,235.714454
-133.857119,200,239.724184
-1.790454,200,243.637319
-138.097984,200,247.689438
-334.496171,200,251.919818
-132.288958,200,255.874625
-265.717864,200,259.765192
-1.370953,200,263.834749
-128.580272,200,267.816851
-136.797249,200,271.730805
-357.912369,200,275.77909
-130.676534,200,280.448153
-299.772676,200,284.456955
-130.580883,200,288.536464
-383.108373,200,292.487458
-135.15839,200,296.428266
-132.950245,200,300.305374
-376.592226,200,304.341012
-273.585859,200,309.194503
-0.648329,200,313.209867
-378.603684,200,317.265965
-262.644687,200,321.516876
-376.687721,200,325.407893
-144.413918,200,329.415232
-0.891508,200,333.375355
-136.51231,200,337.301631
-247.039563,200,341.250653
-390.087289,200,345.20618
-389.391545,200,349.140504
-138.031088,200,353.169248
-146.269202,200,358.037588
-12.880668,200,362.458504
-131.036274,200,366.362928
-135.410886,200,370.418121
-288.043127,200,374.320444
-132.369646,200,378.489775
-8.253539,200,382.729818
-145.295174,200,386.792233
-251.977591,200,390.788321
-132.712038,200,394.796024
-4.422258,200,398.827733
-311.851434,200,402.904383
-381.494227,200,406.888732
-132.978779,200,410.859267
-134.47752,200,414.79786
-0.853116,200,418.728877
-130.574536,200,422.683396
-255.333958,200,426.72247
-131.407625,200,430.810462
-255.396527,200,434.793373
-264.359949,200,438.752768
-128.98248,200,442.693042
-131.644005,200,446.682306
-130.61663,200,450.610241
-135.506853,200,454.541291
-129.562855,200,458.498694
-133.034162,200,462.475619
-6.428008,200,466.491814
-133.096655,200,470.35451
-0.928126,200,474.268729
-0.829761,200,478.133883
-343.906288,200,482.088953
-118.089284,200,486.093813
-131.264552,200,490.155787
-132.67357,200,494.115652
-134.039838,200,498.091517
-262.499053,200,502.020941
-391.432286,200,506.031292
-293.061968,200,509.878597
-134.378813,200,513.848185
-133.566892,200,517.792621
-137.214773,200,521.942101
-1.433571,200,525.877272
-246.653974,200,529.837246
-137.444243,200,533.737075
-134.199947,200,537.547966
-137.837368,200,541.457701
-127.740096,200,545.695327
-386.907272,200,549.750576
-133.251978,200,553.578635
-132.362797,200,557.550745
-249.644252,200,561.504787
-1.773339,200,565.455999
-293.00615,200,569.341223
-1.340225,200,573.389633
-3.63533,200,577.571656
-274.744599,200,582.171322
-2.382619,200,586.246587
-376.031827,200,590.074319
-137.282919,200,594.074492
-251.200074,200,597.965032
-402.763163,200,601.862666
-137.563064,200,605.786715
-248.224463,200,609.932625
-246.916786,200,613.881916
-379.98512,200,617.820754
-272.89545,200,622.018555
-290.998103,200,626.029648
-140.207357,200,629.9453
-372.834825,200,633.883148
-126.594205,200,637.850698
-132.230318,200,641.972057
-134.019621,200,645.943269
-134.613934,200,649.861686
-2.86269,200,653.775901
-358.363809,200,657.701828
-131.306769,200,661.658069
-133.183026,200,665.856019
-281.958497,200,669.86069
-141.458536,200,674.084151
-3.115086,200,678.055455
-3.282026,200,681.968975
-132.176854,200,685.922372
-135.016773,200,689.949472
-135.51532,200,693.86298
-133.392528,200,697.928826
-135.58621,200,701.982479
-3.59183,200,705.967228
-271.269214,200,709.927809
-131.393166,200,713.885125
-134.229126,200,717.845425
-131.292932,200,721.818415
-353.239193,200,725.836309
-3.322521,200,729.989341
-132.868398,200,733.916572
-136.802844,200,737.89599
-383.654282,200,741.900568
-3.344965,200,745.894933
-132.776057,200,749.833254
-3.144923,200,753.869393
-343.715022,200,757.858718
-140.735318,200,761.953895
-260.532896,200,765.955417
-283.225426,200,769.847969
-134.438667,200,773.885545
-129.059899,200,777.897407
-258.490054,200,781.792582
-130.861336,200,785.808909
-371.639033,200,789.868328
-250.964573,200,793.863218
-139.526289,200,797.86722
-127.91047,200,801.771033
-133.995149,200,805.76532
-252.804044,200,809.821354
-279.784925,200,813.791792
-252.057511,200,817.750211
-342.436962,200,821.816064
-341.424494,200,825.8136
-7.430198,200,829.738887
-129.762367,200,833.67925
-270.396294,200,837.617551
-245.790998,200,841.557521
-3.260674,200,845.613807
-122.202366,200,849.735265
-133.188083,200,853.694854
-245.272646,200,857.732755
-271.616439,200,861.639562
-135.718828,200,865.758142
-125.049911,200,869.711803
-131.139457,200,873.745864
-135.238489,200,878.102244
-255.566429,200,882.362272
-270.999375,200,886.509233
-131.447293,200,890.564742
-133.69268,200,894.632451
-133.500015,200,898.841391
-130.003501,200,902.861139
-256.329514,200,907.394248
-135.371849,200,911.888635
-132.608658,200,915.94608
-134.528007,200,920.157691
-139.30514,200,924.276543
-133.349491,200,928.288732
-130.61426,200,932.504259
-132.624769,200,936.480161
-249.234235,200,940.545008
-135.123619,200,944.598195
-4.988662,200,948.733395
-134.633663,200,952.780693
-133.548387,200,956.79757
-133.544582,200,960.796365
-131.731136,200,964.991284
-270.811453,200,969.299516
-139.644034,200,973.397216
-129.262507,200,977.475921
-137.913236,200,981.551397
-256.492183,200,985.650144
-137.412785,200,989.75391
-134.34796,200,993.836485
-246.976407,200,997.959392
-391.451999,200,1002.17416
